time_id,date,visitStartTime,fecha_legible,año,mes,día_semana,hora_inicio,time_key
1,20231223,1703330561,2023-12-23,2023,diciembre,sábado,11:22,20231223|1703330561
2,20230524,1684959439,2023-05-24,2023,mayo,miércoles,20:17,20230524|1684959439
3,20230308,1678276307,2023-03-08,2023,marzo,miércoles,11:51,20230308|1678276307
4,20231101,1698801820,2023-11-01,2023,noviembre,miércoles,01:23,20231101|1698801820
5,20230904,1693829893,2023-09-04,2023,septiembre,lunes,12:18,20230904|1693829893
6,20230623,1687528524,2023-06-23,2023,junio,viernes,13:55,20230623|1687528524
7,20230611,1686504742,2023-06-11,2023,junio,domingo,17:32,20230611|1686504742
8,20230823,1692795321,2023-08-23,2023,agosto,miércoles,12:55,20230823|1692795321
9,20230802,1690990856,2023-08-02,2023,agosto,miércoles,15:40,20230802|1690990856
10,20230429,1682786043,2023-04-29,2023,abril,sábado,16:34,20230429|1682786043
11,20230226,1677400539,2023-02-26,2023,febrero,domingo,08:35,20230226|1677400539
12,20231113,1699872684,2023-11-13,2023,noviembre,lunes,10:51,20231113|1699872684
13,20230904,1693796336,2023-09-04,2023,septiembre,lunes,02:58,20230904|1693796336
14,20231013,1697210138,2023-10-13,2023,octubre,viernes,15:15,20231013|1697210138
15,20231012,1697084769,2023-10-12,2023,octubre,jueves,04:26,20231012|1697084769
16,20230704,1688509235,2023-07-04,2023,julio,martes,22:20,20230704|1688509235
17,20231219,1702978444,2023-12-19,2023,diciembre,martes,09:34,20231219|1702978444
18,20230815,1692101566,2023-08-15,2023,agosto,martes,12:12,20230815|1692101566
19,20230119,1674109713,2023-01-19,2023,enero,jueves,06:28,20230119|1674109713
20,20230104,1672820458,2023-01-04,2023,enero,miércoles,08:20,20230104|1672820458
21,20230921,1695336304,2023-09-21,2023,septiembre,jueves,22:45,20230921|1695336304
22,20230126,1674719035,2023-01-26,2023,enero,jueves,07:43,20230126|1674719035
23,20230106,1672973279,2023-01-06,2023,enero,viernes,02:47,20230106|1672973279
24,20230920,1695206573,2023-09-20,2023,septiembre,miércoles,10:42,20230920|1695206573
25,20230624,1687641480,2023-06-24,2023,junio,sábado,21:18,20230624|1687641480
26,20230311,1678509670,2023-03-11,2023,marzo,sábado,04:41,20230311|1678509670
27,20230523,1684821867,2023-05-23,2023,mayo,martes,06:04,20230523|1684821867
28,20231019,1697730097,2023-10-19,2023,octubre,jueves,15:41,20231019|1697730097
29,20231028,1698524705,2023-10-28,2023,octubre,sábado,20:25,20231028|1698524705
30,20230623,1687529380,2023-06-23,2023,junio,viernes,14:09,20230623|1687529380
31,20230719,1689799416,2023-07-19,2023,julio,miércoles,20:43,20230719|1689799416
32,20230820,1692565137,2023-08-20,2023,agosto,domingo,20:58,20230820|1692565137
33,20230526,1685072883,2023-05-26,2023,mayo,viernes,03:48,20230526|1685072883
34,20230802,1690977597,2023-08-02,2023,agosto,miércoles,11:59,20230802|1690977597
35,20230113,1673591047,2023-01-13,2023,enero,viernes,06:24,20230113|1673591047
36,20230408,1680928080,2023-04-08,2023,abril,sábado,04:28,20230408|1680928080
37,20230905,1693907843,2023-09-05,2023,septiembre,martes,09:57,20230905|1693907843
38,20230207,1675730197,2023-02-07,2023,febrero,martes,00:36,20230207|1675730197
39,20230721,1689952224,2023-07-21,2023,julio,viernes,15:10,20230721|1689952224
40,20230109,1673242864,2023-01-09,2023,enero,lunes,05:41,20230109|1673242864
41,20230824,1692851275,2023-08-24,2023,agosto,jueves,04:27,20230824|1692851275
42,20230526,1685117657,2023-05-26,2023,mayo,viernes,16:14,20230526|1685117657
43,20230820,1692494642,2023-08-20,2023,agosto,domingo,01:24,20230820|1692494642
44,20230525,1684987253,2023-05-25,2023,mayo,jueves,04:00,20230525|1684987253
45,20231129,1701240695,2023-11-29,2023,noviembre,miércoles,06:51,20231129|1701240695
46,20230525,1685031477,2023-05-25,2023,mayo,jueves,16:17,20230525|1685031477
47,20230904,1693859056,2023-09-04,2023,septiembre,lunes,20:24,20230904|1693859056
48,20231031,1698735350,2023-10-31,2023,octubre,martes,06:55,20231031|1698735350
49,20230723,1690121032,2023-07-23,2023,julio,domingo,14:03,20230723|1690121032
50,20230915,1694801206,2023-09-15,2023,septiembre,viernes,18:06,20230915|1694801206
51,20231108,1699467866,2023-11-08,2023,noviembre,miércoles,18:24,20231108|1699467866
52,20230129,1674979095,2023-01-29,2023,enero,domingo,07:58,20230129|1674979095
53,20231019,1697699842,2023-10-19,2023,octubre,jueves,07:17,20231019|1697699842
54,20230830,1693436659,2023-08-30,2023,agosto,miércoles,23:04,20230830|1693436659
55,20231217,1702849199,2023-12-17,2023,diciembre,domingo,21:39,20231217|1702849199
56,20230331,1680265043,2023-03-31,2023,marzo,viernes,12:17,20230331|1680265043
57,20230921,1695291493,2023-09-21,2023,septiembre,jueves,10:18,20230921|1695291493
58,20230101,1672571292,2023-01-01,2023,enero,domingo,11:08,20230101|1672571292
59,20230518,1684425740,2023-05-18,2023,mayo,jueves,16:02,20230518|1684425740
60,20231109,1699517148,2023-11-09,2023,noviembre,jueves,08:05,20231109|1699517148
61,20230731,1690775666,2023-07-31,2023,julio,lunes,03:54,20230731|1690775666
62,20230406,1680763116,2023-04-06,2023,abril,jueves,06:38,20230406|1680763116
63,20230516,1684277898,2023-05-16,2023,mayo,martes,22:58,20230516|1684277898
64,20230502,1682988566,2023-05-02,2023,mayo,martes,00:49,20230502|1682988566
65,20231005,1696538959,2023-10-05,2023,octubre,jueves,20:49,20231005|1696538959
66,20230104,1672831091,2023-01-04,2023,enero,miércoles,11:18,20230104|1672831091
67,20231013,1697203625,2023-10-13,2023,octubre,viernes,13:27,20231013|1697203625
68,20230502,1683005782,2023-05-02,2023,mayo,martes,05:36,20230502|1683005782
69,20231126,1701038425,2023-11-26,2023,noviembre,domingo,22:40,20231126|1701038425
70,20230108,1673156474,2023-01-08,2023,enero,domingo,05:41,20230108|1673156474
71,20230629,1688025150,2023-06-29,2023,junio,jueves,07:52,20230629|1688025150
72,20230901,1693576673,2023-09-01,2023,septiembre,viernes,13:57,20230901|1693576673
73,20230104,1672820114,2023-01-04,2023,enero,miércoles,08:15,20230104|1672820114
74,20231006,1696572934,2023-10-06,2023,octubre,viernes,06:15,20231006|1696572934
75,20230727,1690454287,2023-07-27,2023,julio,jueves,10:38,20230727|1690454287
76,20230527,1685226111,2023-05-27,2023,mayo,sábado,22:21,20230527|1685226111
77,20230510,1683704624,2023-05-10,2023,mayo,miércoles,07:43,20230510|1683704624
78,20231112,1699799365,2023-11-12,2023,noviembre,domingo,14:29,20231112|1699799365
79,20230517,1684343990,2023-05-17,2023,mayo,miércoles,17:19,20230517|1684343990
80,20231119,1700431937,2023-11-19,2023,noviembre,domingo,22:12,20231119|1700431937
81,20231203,1701628437,2023-12-03,2023,diciembre,domingo,18:33,20231203|1701628437
82,20231220,1703041822,2023-12-20,2023,diciembre,miércoles,03:10,20231220|1703041822
83,20231107,1699368377,2023-11-07,2023,noviembre,martes,14:46,20231107|1699368377
84,20230302,1677751164,2023-03-02,2023,marzo,jueves,09:59,20230302|1677751164
85,20230130,1675047312,2023-01-30,2023,enero,lunes,02:55,20230130|1675047312
86,20230919,1695121691,2023-09-19,2023,septiembre,martes,11:08,20230919|1695121691
87,20230310,1678434842,2023-03-10,2023,marzo,viernes,07:54,20230310|1678434842
88,20230912,1694560733,2023-09-12,2023,septiembre,martes,23:18,20230912|1694560733
89,20230925,1695613589,2023-09-25,2023,septiembre,lunes,03:46,20230925|1695613589
90,20230520,1684583701,2023-05-20,2023,mayo,sábado,11:55,20230520|1684583701
91,20230304,1677943998,2023-03-04,2023,marzo,sábado,15:33,20230304|1677943998
92,20231117,1700231214,2023-11-17,2023,noviembre,viernes,14:26,20231117|1700231214
93,20230914,1694732337,2023-09-14,2023,septiembre,jueves,22:58,20230914|1694732337
94,20230109,1673300257,2023-01-09,2023,enero,lunes,21:37,20230109|1673300257
95,20231103,1698997419,2023-11-03,2023,noviembre,viernes,07:43,20231103|1698997419
96,20230704,1688483902,2023-07-04,2023,julio,martes,15:18,20230704|1688483902
97,20230809,1691571502,2023-08-09,2023,agosto,miércoles,08:58,20230809|1691571502
98,20230224,1677220537,2023-02-24,2023,febrero,viernes,06:35,20230224|1677220537
99,20230615,1686867331,2023-06-15,2023,junio,jueves,22:15,20230615|1686867331
100,20230801,1690873970,2023-08-01,2023,agosto,martes,07:12,20230801|1690873970
101,20230823,1692789544,2023-08-23,2023,agosto,miércoles,11:19,20230823|1692789544
102,20231010,1696923116,2023-10-10,2023,octubre,martes,07:31,20231010|1696923116
103,20230708,1688799658,2023-07-08,2023,julio,sábado,07:00,20230708|1688799658
104,20230722,1690000805,2023-07-22,2023,julio,sábado,04:40,20230722|1690000805
105,20230908,1694141833,2023-09-08,2023,septiembre,viernes,02:57,20230908|1694141833
106,20230728,1690544839,2023-07-28,2023,julio,viernes,11:47,20230728|1690544839
107,20230123,1674496932,2023-01-23,2023,enero,lunes,18:02,20230123|1674496932
108,20230816,1692227316,2023-08-16,2023,agosto,miércoles,23:08,20230816|1692227316
109,20230428,1682700871,2023-04-28,2023,abril,viernes,16:54,20230428|1682700871
110,20230116,1673846294,2023-01-16,2023,enero,lunes,05:18,20230116|1673846294
111,20231014,1697320733,2023-10-14,2023,octubre,sábado,21:58,20231014|1697320733
112,20230122,1674368263,2023-01-22,2023,enero,domingo,06:17,20230122|1674368263
113,20231002,1696248334,2023-10-02,2023,octubre,lunes,12:05,20231002|1696248334
114,20231009,1696816104,2023-10-09,2023,octubre,lunes,01:48,20231009|1696816104
115,20230821,1692615073,2023-08-21,2023,agosto,lunes,10:51,20230821|1692615073
116,20231002,1696206973,2023-10-02,2023,octubre,lunes,00:36,20231002|1696206973
117,20230429,1682749260,2023-04-29,2023,abril,sábado,06:21,20230429|1682749260
118,20231213,1702459312,2023-12-13,2023,diciembre,miércoles,09:21,20231213|1702459312
119,20231102,1698956317,2023-11-02,2023,noviembre,jueves,20:18,20231102|1698956317
120,20230527,1685206360,2023-05-27,2023,mayo,sábado,16:52,20230527|1685206360
121,20230620,1687265866,2023-06-20,2023,junio,martes,12:57,20230620|1687265866
122,20230823,1692794886,2023-08-23,2023,agosto,miércoles,12:48,20230823|1692794886
123,20230515,1684163070,2023-05-15,2023,mayo,lunes,15:04,20230515|1684163070
124,20230815,1692094414,2023-08-15,2023,agosto,martes,10:13,20230815|1692094414
125,20230523,1684812525,2023-05-23,2023,mayo,martes,03:28,20230523|1684812525
126,20230513,1683980808,2023-05-13,2023,mayo,sábado,12:26,20230513|1683980808
127,20231001,1696173488,2023-10-01,2023,octubre,domingo,15:18,20231001|1696173488
128,20230202,1675319101,2023-02-02,2023,febrero,jueves,06:25,20230202|1675319101
129,20231221,1703123048,2023-12-21,2023,diciembre,jueves,01:44,20231221|1703123048
130,20231120,1700487396,2023-11-20,2023,noviembre,lunes,13:36,20231120|1700487396
131,20230103,1672721541,2023-01-03,2023,enero,martes,04:52,20230103|1672721541
132,20231125,1700949894,2023-11-25,2023,noviembre,sábado,22:04,20231125|1700949894
133,20230207,1675747470,2023-02-07,2023,febrero,martes,05:24,20230207|1675747470
134,20230507,1683456837,2023-05-07,2023,mayo,domingo,10:53,20230507|1683456837
135,20230711,1689107085,2023-07-11,2023,julio,martes,20:24,20230711|1689107085
136,20230915,1694756815,2023-09-15,2023,septiembre,viernes,05:46,20230915|1694756815
137,20230325,1679720851,2023-03-25,2023,marzo,sábado,05:07,20230325|1679720851
138,20230517,1684342237,2023-05-17,2023,mayo,miércoles,16:50,20230517|1684342237
139,20230507,1683503906,2023-05-07,2023,mayo,domingo,23:58,20230507|1683503906
140,20230606,1686057089,2023-06-06,2023,junio,martes,13:11,20230606|1686057089
141,20230129,1674993725,2023-01-29,2023,enero,domingo,12:02,20230129|1674993725
142,20230727,1690426943,2023-07-27,2023,julio,jueves,03:02,20230727|1690426943
143,20231013,1697161260,2023-10-13,2023,octubre,viernes,01:41,20231013|1697161260
144,20230424,1682321556,2023-04-24,2023,abril,lunes,07:32,20230424|1682321556
145,20230509,1683639298,2023-05-09,2023,mayo,martes,13:34,20230509|1683639298
146,20230102,1672679098,2023-01-02,2023,enero,lunes,17:04,20230102|1672679098
147,20230102,1672632962,2023-01-02,2023,enero,lunes,04:16,20230102|1672632962
148,20231006,1696588292,2023-10-06,2023,octubre,viernes,10:31,20231006|1696588292
149,20231114,1699926746,2023-11-14,2023,noviembre,martes,01:52,20231114|1699926746
150,20231227,1703692699,2023-12-27,2023,diciembre,miércoles,15:58,20231227|1703692699
151,20230811,1691753793,2023-08-11,2023,agosto,viernes,11:36,20230811|1691753793
152,20230716,1689501858,2023-07-16,2023,julio,domingo,10:04,20230716|1689501858
153,20230903,1693702253,2023-09-03,2023,septiembre,domingo,00:50,20230903|1693702253
154,20230607,1686138163,2023-06-07,2023,junio,miércoles,11:42,20230607|1686138163
155,20231212,1702360492,2023-12-12,2023,diciembre,martes,05:54,20231212|1702360492
156,20230411,1681201403,2023-04-11,2023,abril,martes,08:23,20230411|1681201403
157,20231031,1698747218,2023-10-31,2023,octubre,martes,10:13,20231031|1698747218
158,20230731,1690837700,2023-07-31,2023,julio,lunes,21:08,20230731|1690837700
159,20231012,1697115600,2023-10-12,2023,octubre,jueves,13:00,20231012|1697115600
160,20230706,1688667544,2023-07-06,2023,julio,jueves,18:19,20230706|1688667544
161,20231211,1702277052,2023-12-11,2023,diciembre,lunes,06:44,20231211|1702277052
162,20230829,1693312726,2023-08-29,2023,agosto,martes,12:38,20230829|1693312726
163,20230110,1673311770,2023-01-10,2023,enero,martes,00:49,20230110|1673311770
164,20230107,1673126595,2023-01-07,2023,enero,sábado,21:23,20230107|1673126595
165,20230722,1690029068,2023-07-22,2023,julio,sábado,12:31,20230722|1690029068
166,20230531,1685568001,2023-05-31,2023,mayo,miércoles,21:20,20230531|1685568001
167,20231120,1700462795,2023-11-20,2023,noviembre,lunes,06:46,20231120|1700462795
168,20230630,1688164814,2023-06-30,2023,junio,viernes,22:40,20230630|1688164814
169,20230903,1693727934,2023-09-03,2023,septiembre,domingo,07:58,20230903|1693727934
170,20230422,1682181145,2023-04-22,2023,abril,sábado,16:32,20230422|1682181145
171,20230820,1692509690,2023-08-20,2023,agosto,domingo,05:34,20230820|1692509690
172,20230203,1675418450,2023-02-03,2023,febrero,viernes,10:00,20230203|1675418450
173,20230315,1678894235,2023-03-15,2023,marzo,miércoles,15:30,20230315|1678894235
174,20230608,1686214618,2023-06-08,2023,junio,jueves,08:56,20230608|1686214618
175,20231113,1699899358,2023-11-13,2023,noviembre,lunes,18:15,20231113|1699899358
176,20230313,1678672499,2023-03-13,2023,marzo,lunes,01:54,20230313|1678672499
177,20231214,1702549580,2023-12-14,2023,diciembre,jueves,10:26,20231214|1702549580
178,20230819,1692403511,2023-08-19,2023,agosto,sábado,00:05,20230819|1692403511
179,20231120,1700504689,2023-11-20,2023,noviembre,lunes,18:24,20231120|1700504689
180,20230517,1684321815,2023-05-17,2023,mayo,miércoles,11:10,20230517|1684321815
181,20231029,1698620106,2023-10-29,2023,octubre,domingo,22:55,20231029|1698620106
182,20230207,1675777798,2023-02-07,2023,febrero,martes,13:49,20230207|1675777798
183,20230422,1682189694,2023-04-22,2023,abril,sábado,18:54,20230422|1682189694
184,20231222,1703207575,2023-12-22,2023,diciembre,viernes,01:12,20231222|1703207575
185,20231228,1703807459,2023-12-28,2023,diciembre,jueves,23:50,20231228|1703807459
186,20231103,1699034258,2023-11-03,2023,noviembre,viernes,17:57,20231103|1699034258
187,20230908,1694152477,2023-09-08,2023,septiembre,viernes,05:54,20230908|1694152477
188,20231216,1702708243,2023-12-16,2023,diciembre,sábado,06:30,20231216|1702708243
189,20231229,1703815258,2023-12-29,2023,diciembre,viernes,02:00,20231229|1703815258
190,20230605,1685925659,2023-06-05,2023,junio,lunes,00:40,20230605|1685925659
191,20231123,1700724258,2023-11-23,2023,noviembre,jueves,07:24,20231123|1700724258
192,20230627,1687880412,2023-06-27,2023,junio,martes,15:40,20230627|1687880412
193,20231030,1698663640,2023-10-30,2023,octubre,lunes,11:00,20231030|1698663640
194,20230704,1688441303,2023-07-04,2023,julio,martes,03:28,20230704|1688441303
195,20230120,1674257935,2023-01-20,2023,enero,viernes,23:38,20230120|1674257935
196,20230323,1679580398,2023-03-23,2023,marzo,jueves,14:06,20230323|1679580398
197,20231204,1701665408,2023-12-04,2023,diciembre,lunes,04:50,20231204|1701665408
198,20231107,1699370897,2023-11-07,2023,noviembre,martes,15:28,20231107|1699370897
199,20231014,1697293293,2023-10-14,2023,octubre,sábado,14:21,20231014|1697293293
200,20230303,1677801739,2023-03-03,2023,marzo,viernes,00:02,20230303|1677801739
201,20230903,1693772729,2023-09-03,2023,septiembre,domingo,20:25,20230903|1693772729
202,20230413,1681347131,2023-04-13,2023,abril,jueves,00:52,20230413|1681347131
203,20231104,1699076502,2023-11-04,2023,noviembre,sábado,05:41,20231104|1699076502
204,20231101,1698861941,2023-11-01,2023,noviembre,miércoles,18:05,20231101|1698861941
205,20231017,1697565391,2023-10-17,2023,octubre,martes,17:56,20231017|1697565391
206,20230901,1693545802,2023-09-01,2023,septiembre,viernes,05:23,20230901|1693545802
207,20230217,1676611335,2023-02-17,2023,febrero,viernes,05:22,20230217|1676611335
208,20230302,1677790797,2023-03-02,2023,marzo,jueves,20:59,20230302|1677790797
209,20230618,1687068234,2023-06-18,2023,junio,domingo,06:03,20230618|1687068234
210,20230926,1695732309,2023-09-26,2023,septiembre,martes,12:45,20230926|1695732309
211,20230704,1688487976,2023-07-04,2023,julio,martes,16:26,20230704|1688487976
212,20231024,1698168474,2023-10-24,2023,octubre,martes,17:27,20231024|1698168474
213,20230912,1694486439,2023-09-12,2023,septiembre,martes,02:40,20230912|1694486439
214,20230307,1678209875,2023-03-07,2023,marzo,martes,17:24,20230307|1678209875
215,20230125,1674683731,2023-01-25,2023,enero,miércoles,21:55,20230125|1674683731
216,20230103,1672784573,2023-01-03,2023,enero,martes,22:22,20230103|1672784573
217,20230414,1681486414,2023-04-14,2023,abril,viernes,15:33,20230414|1681486414
218,20230826,1693037168,2023-08-26,2023,agosto,sábado,08:06,20230826|1693037168
219,20230822,1692725102,2023-08-22,2023,agosto,martes,17:25,20230822|1692725102
220,20230202,1675340668,2023-02-02,2023,febrero,jueves,12:24,20230202|1675340668
221,20231115,1700067580,2023-11-15,2023,noviembre,miércoles,16:59,20231115|1700067580
222,20230911,1694425839,2023-09-11,2023,septiembre,lunes,09:50,20230911|1694425839
223,20230621,1687391304,2023-06-21,2023,junio,miércoles,23:48,20230621|1687391304
224,20231016,1697460747,2023-10-16,2023,octubre,lunes,12:52,20231016|1697460747
225,20231229,1703874741,2023-12-29,2023,diciembre,viernes,18:32,20231229|1703874741
226,20230803,1691027111,2023-08-03,2023,agosto,jueves,01:45,20230803|1691027111
227,20231105,1699220781,2023-11-05,2023,noviembre,domingo,21:46,20231105|1699220781
228,20230429,1682787888,2023-04-29,2023,abril,sábado,17:04,20230429|1682787888
229,20230319,1679209407,2023-03-19,2023,marzo,domingo,07:03,20230319|1679209407
230,20230821,1692606269,2023-08-21,2023,agosto,lunes,08:24,20230821|1692606269
231,20230615,1686840735,2023-06-15,2023,junio,jueves,14:52,20230615|1686840735
232,20231027,1698435235,2023-10-27,2023,octubre,viernes,19:33,20231027|1698435235
233,20230621,1687353479,2023-06-21,2023,junio,miércoles,13:17,20230621|1687353479
234,20230524,1684906168,2023-05-24,2023,mayo,miércoles,05:29,20230524|1684906168
235,20230413,1681386488,2023-04-13,2023,abril,jueves,11:48,20230413|1681386488
236,20230522,1684740056,2023-05-22,2023,mayo,lunes,07:20,20230522|1684740056
237,20231127,1701079939,2023-11-27,2023,noviembre,lunes,10:12,20231127|1701079939
238,20230208,1675819758,2023-02-08,2023,febrero,miércoles,01:29,20230208|1675819758
239,20230507,1683470711,2023-05-07,2023,mayo,domingo,14:45,20230507|1683470711
240,20230211,1676074075,2023-02-11,2023,febrero,sábado,00:07,20230211|1676074075
241,20230930,1696080126,2023-09-30,2023,septiembre,sábado,13:22,20230930|1696080126
242,20230615,1686805658,2023-06-15,2023,junio,jueves,05:07,20230615|1686805658
243,20230721,1689957623,2023-07-21,2023,julio,viernes,16:40,20230721|1689957623
244,20230722,1690011127,2023-07-22,2023,julio,sábado,07:32,20230722|1690011127
245,20231002,1696241373,2023-10-02,2023,octubre,lunes,10:09,20231002|1696241373
246,20230717,1689558307,2023-07-17,2023,julio,lunes,01:45,20230717|1689558307
247,20230604,1685877657,2023-06-04,2023,junio,domingo,11:20,20230604|1685877657
248,20231014,1697310738,2023-10-14,2023,octubre,sábado,19:12,20231014|1697310738
249,20230621,1687340774,2023-06-21,2023,junio,miércoles,09:46,20230621|1687340774
250,20230803,1691026118,2023-08-03,2023,agosto,jueves,01:28,20230803|1691026118
251,20230714,1689296540,2023-07-14,2023,julio,viernes,01:02,20230714|1689296540
252,20230117,1673994659,2023-01-17,2023,enero,martes,22:30,20230117|1673994659
253,20230630,1688143065,2023-06-30,2023,junio,viernes,16:37,20230630|1688143065
254,20231215,1702650891,2023-12-15,2023,diciembre,viernes,14:34,20231215|1702650891
255,20230925,1695645669,2023-09-25,2023,septiembre,lunes,12:41,20230925|1695645669
256,20230518,1684382143,2023-05-18,2023,mayo,jueves,03:55,20230518|1684382143
257,20231016,1697426794,2023-10-16,2023,octubre,lunes,03:26,20231016|1697426794
258,20230215,1676423753,2023-02-15,2023,febrero,miércoles,01:15,20230215|1676423753
259,20230226,1677388230,2023-02-26,2023,febrero,domingo,05:10,20230226|1677388230
260,20230803,1691026589,2023-08-03,2023,agosto,jueves,01:36,20230803|1691026589
261,20230308,1678311821,2023-03-08,2023,marzo,miércoles,21:43,20230308|1678311821
262,20230607,1686164608,2023-06-07,2023,junio,miércoles,19:03,20230607|1686164608
263,20230318,1679144071,2023-03-18,2023,marzo,sábado,12:54,20230318|1679144071
264,20230710,1689032747,2023-07-10,2023,julio,lunes,23:45,20230710|1689032747
265,20230123,1674462959,2023-01-23,2023,enero,lunes,08:35,20230123|1674462959
266,20230914,1694676852,2023-09-14,2023,septiembre,jueves,07:34,20230914|1694676852
267,20231007,1696672027,2023-10-07,2023,octubre,sábado,09:47,20231007|1696672027
268,20230925,1695622773,2023-09-25,2023,septiembre,lunes,06:19,20230925|1695622773
269,20231223,1703351649,2023-12-23,2023,diciembre,sábado,17:14,20231223|1703351649
270,20230205,1675640421,2023-02-05,2023,febrero,domingo,23:40,20230205|1675640421
271,20231223,1703364936,2023-12-23,2023,diciembre,sábado,20:55,20231223|1703364936
272,20230402,1680464466,2023-04-02,2023,abril,domingo,19:41,20230402|1680464466
273,20231022,1697959091,2023-10-22,2023,octubre,domingo,07:18,20231022|1697959091
274,20230722,1690069263,2023-07-22,2023,julio,sábado,23:41,20230722|1690069263
275,20230306,1678088462,2023-03-06,2023,marzo,lunes,07:41,20230306|1678088462
276,20230622,1687452382,2023-06-22,2023,junio,jueves,16:46,20230622|1687452382
277,20231104,1699056752,2023-11-04,2023,noviembre,sábado,00:12,20231104|1699056752
278,20230706,1688655975,2023-07-06,2023,julio,jueves,15:06,20230706|1688655975
279,20230902,1693635043,2023-09-02,2023,septiembre,sábado,06:10,20230902|1693635043
280,20230330,1680184344,2023-03-30,2023,marzo,jueves,13:52,20230330|1680184344
281,20231220,1703052055,2023-12-20,2023,diciembre,miércoles,06:00,20231220|1703052055
282,20230303,1677869354,2023-03-03,2023,marzo,viernes,18:49,20230303|1677869354
283,20230211,1676098185,2023-02-11,2023,febrero,sábado,06:49,20230211|1676098185
284,20230804,1691149065,2023-08-04,2023,agosto,viernes,11:37,20230804|1691149065
285,20230127,1674786200,2023-01-27,2023,enero,viernes,02:23,20230127|1674786200
286,20231009,1696854009,2023-10-09,2023,octubre,lunes,12:20,20231009|1696854009
287,20230508,1683536571,2023-05-08,2023,mayo,lunes,09:02,20230508|1683536571
288,20231030,1698660891,2023-10-30,2023,octubre,lunes,10:14,20231030|1698660891
289,20230817,1692293238,2023-08-17,2023,agosto,jueves,17:27,20230817|1692293238
290,20230719,1689754233,2023-07-19,2023,julio,miércoles,08:10,20230719|1689754233
291,20230728,1690537009,2023-07-28,2023,julio,viernes,09:36,20230728|1690537009
292,20230611,1686509350,2023-06-11,2023,junio,domingo,18:49,20230611|1686509350
293,20231220,1703073602,2023-12-20,2023,diciembre,miércoles,12:00,20231220|1703073602
294,20231112,1699753161,2023-11-12,2023,noviembre,domingo,01:39,20231112|1699753161
295,20230211,1676146612,2023-02-11,2023,febrero,sábado,20:16,20230211|1676146612
296,20231009,1696891222,2023-10-09,2023,octubre,lunes,22:40,20231009|1696891222
297,20230202,1675323836,2023-02-02,2023,febrero,jueves,07:43,20230202|1675323836
298,20230204,1675475201,2023-02-04,2023,febrero,sábado,01:46,20230204|1675475201
299,20230130,1675095418,2023-01-30,2023,enero,lunes,16:16,20230130|1675095418
300,20230706,1688610904,2023-07-06,2023,julio,jueves,02:35,20230706|1688610904
301,20230928,1695934780,2023-09-28,2023,septiembre,jueves,20:59,20230928|1695934780
302,20230829,1693352432,2023-08-29,2023,agosto,martes,23:40,20230829|1693352432
303,20230718,1689715499,2023-07-18,2023,julio,martes,21:24,20230718|1689715499
304,20231109,1699538338,2023-11-09,2023,noviembre,jueves,13:58,20231109|1699538338
305,20230916,1694834977,2023-09-16,2023,septiembre,sábado,03:29,20230916|1694834977
306,20230410,1681107002,2023-04-10,2023,abril,lunes,06:10,20230410|1681107002
307,20230713,1689249824,2023-07-13,2023,julio,jueves,12:03,20230713|1689249824
308,20230117,1673922617,2023-01-17,2023,enero,martes,02:30,20230117|1673922617
309,20230707,1688742394,2023-07-07,2023,julio,viernes,15:06,20230707|1688742394
310,20231007,1696707415,2023-10-07,2023,octubre,sábado,19:36,20231007|1696707415
311,20230418,1681795374,2023-04-18,2023,abril,martes,05:22,20230418|1681795374
312,20230316,1678976425,2023-03-16,2023,marzo,jueves,14:20,20230316|1678976425
313,20230501,1682956752,2023-05-01,2023,mayo,lunes,15:59,20230501|1682956752
314,20230903,1693755010,2023-09-03,2023,septiembre,domingo,15:30,20230903|1693755010
315,20230925,1695642672,2023-09-25,2023,septiembre,lunes,11:51,20230925|1695642672
316,20230816,1692150665,2023-08-16,2023,agosto,miércoles,01:51,20230816|1692150665
317,20230609,1686351514,2023-06-09,2023,junio,viernes,22:58,20230609|1686351514
318,20230728,1690530487,2023-07-28,2023,julio,viernes,07:48,20230728|1690530487
319,20230214,1676381232,2023-02-14,2023,febrero,martes,13:27,20230214|1676381232
320,20231220,1703038339,2023-12-20,2023,diciembre,miércoles,02:12,20231220|1703038339
321,20230919,1695166137,2023-09-19,2023,septiembre,martes,23:28,20230919|1695166137
322,20230128,1674906529,2023-01-28,2023,enero,sábado,11:48,20230128|1674906529
323,20230305,1678004774,2023-03-05,2023,marzo,domingo,08:26,20230305|1678004774
324,20230706,1688607470,2023-07-06,2023,julio,jueves,01:37,20230706|1688607470
325,20230421,1682073248,2023-04-21,2023,abril,viernes,10:34,20230421|1682073248
326,20230721,1689913919,2023-07-21,2023,julio,viernes,04:31,20230721|1689913919
327,20230110,1673311742,2023-01-10,2023,enero,martes,00:49,20230110|1673311742
328,20230206,1675670525,2023-02-06,2023,febrero,lunes,08:02,20230206|1675670525
329,20230205,1675641206,2023-02-05,2023,febrero,domingo,23:53,20230205|1675641206
330,20231006,1696583264,2023-10-06,2023,octubre,viernes,09:07,20231006|1696583264
331,20231023,1698101228,2023-10-23,2023,octubre,lunes,22:47,20231023|1698101228
332,20230204,1675474285,2023-02-04,2023,febrero,sábado,01:31,20230204|1675474285
333,20230527,1685181193,2023-05-27,2023,mayo,sábado,09:53,20230527|1685181193
334,20230911,1694401006,2023-09-11,2023,septiembre,lunes,02:56,20230911|1694401006
335,20230908,1694209250,2023-09-08,2023,septiembre,viernes,21:40,20230908|1694209250
336,20230106,1673003431,2023-01-06,2023,enero,viernes,11:10,20230106|1673003431
337,20230312,1678612214,2023-03-12,2023,marzo,domingo,09:10,20230312|1678612214
338,20230826,1693051242,2023-08-26,2023,agosto,sábado,12:00,20230826|1693051242
339,20230706,1688663407,2023-07-06,2023,julio,jueves,17:10,20230706|1688663407
340,20231024,1698155990,2023-10-24,2023,octubre,martes,13:59,20231024|1698155990
341,20230818,1692341142,2023-08-18,2023,agosto,viernes,06:45,20230818|1692341142
342,20230529,1685396153,2023-05-29,2023,mayo,lunes,21:35,20230529|1685396153
343,20230616,1686950845,2023-06-16,2023,junio,viernes,21:27,20230616|1686950845
344,20230512,1683932498,2023-05-12,2023,mayo,viernes,23:01,20230512|1683932498
345,20230719,1689790466,2023-07-19,2023,julio,miércoles,18:14,20230719|1689790466
346,20231210,1702249453,2023-12-10,2023,diciembre,domingo,23:04,20231210|1702249453
347,20230320,1679275519,2023-03-20,2023,marzo,lunes,01:25,20230320|1679275519
348,20230830,1693386339,2023-08-30,2023,agosto,miércoles,09:05,20230830|1693386339
349,20230815,1692078130,2023-08-15,2023,agosto,martes,05:42,20230815|1692078130
350,20230910,1694331763,2023-09-10,2023,septiembre,domingo,07:42,20230910|1694331763
351,20231204,1701651422,2023-12-04,2023,diciembre,lunes,00:57,20231204|1701651422
352,20230121,1674276055,2023-01-21,2023,enero,sábado,04:40,20230121|1674276055
353,20230731,1690815375,2023-07-31,2023,julio,lunes,14:56,20230731|1690815375
354,20230915,1694742434,2023-09-15,2023,septiembre,viernes,01:47,20230915|1694742434
355,20230516,1684219743,2023-05-16,2023,mayo,martes,06:49,20230516|1684219743
356,20230602,1685684873,2023-06-02,2023,junio,viernes,05:47,20230602|1685684873
357,20231017,1697545797,2023-10-17,2023,octubre,martes,12:29,20231017|1697545797
358,20230607,1686142636,2023-06-07,2023,junio,miércoles,12:57,20230607|1686142636
359,20230718,1689661610,2023-07-18,2023,julio,martes,06:26,20230718|1689661610
360,20230217,1676624903,2023-02-17,2023,febrero,viernes,09:08,20230217|1676624903
361,20230819,1692430624,2023-08-19,2023,agosto,sábado,07:37,20230819|1692430624
362,20230617,1686971719,2023-06-17,2023,junio,sábado,03:15,20230617|1686971719
363,20230721,1689979331,2023-07-21,2023,julio,viernes,22:42,20230721|1689979331
364,20231001,1696196046,2023-10-01,2023,octubre,domingo,21:34,20231001|1696196046
365,20231213,1702441899,2023-12-13,2023,diciembre,miércoles,04:31,20231213|1702441899
366,20231023,1698045076,2023-10-23,2023,octubre,lunes,07:11,20231023|1698045076
367,20230425,1682411493,2023-04-25,2023,abril,martes,08:31,20230425|1682411493
368,20231207,1701990523,2023-12-07,2023,diciembre,jueves,23:08,20231207|1701990523
369,20231014,1697308811,2023-10-14,2023,octubre,sábado,18:40,20231014|1697308811
370,20231011,1697013286,2023-10-11,2023,octubre,miércoles,08:34,20231011|1697013286
371,20230727,1690478759,2023-07-27,2023,julio,jueves,17:25,20230727|1690478759
372,20230503,1683098859,2023-05-03,2023,mayo,miércoles,07:27,20230503|1683098859
373,20231017,1697584230,2023-10-17,2023,octubre,martes,23:10,20231017|1697584230
374,20230709,1688873777,2023-07-09,2023,julio,domingo,03:36,20230709|1688873777
375,20230308,1678245756,2023-03-08,2023,marzo,miércoles,03:22,20230308|1678245756
376,20231211,1702310872,2023-12-11,2023,diciembre,lunes,16:07,20231211|1702310872
377,20231014,1697249778,2023-10-14,2023,octubre,sábado,02:16,20231014|1697249778
378,20230408,1680956153,2023-04-08,2023,abril,sábado,12:15,20230408|1680956153
379,20230904,1693811154,2023-09-04,2023,septiembre,lunes,07:05,20230904|1693811154
380,20230220,1676866477,2023-02-20,2023,febrero,lunes,04:14,20230220|1676866477
381,20231130,1701303855,2023-11-30,2023,noviembre,jueves,00:24,20231130|1701303855
382,20231024,1698129995,2023-10-24,2023,octubre,martes,06:46,20231024|1698129995
383,20230427,1682555207,2023-04-27,2023,abril,jueves,00:26,20230427|1682555207
384,20231125,1700900373,2023-11-25,2023,noviembre,sábado,08:19,20231125|1700900373
385,20230706,1688655758,2023-07-06,2023,julio,jueves,15:02,20230706|1688655758
386,20230425,1682406748,2023-04-25,2023,abril,martes,07:12,20230425|1682406748
387,20230204,1675498169,2023-02-04,2023,febrero,sábado,08:09,20230204|1675498169
388,20230823,1692758507,2023-08-23,2023,agosto,miércoles,02:41,20230823|1692758507
389,20230824,1692882814,2023-08-24,2023,agosto,jueves,13:13,20230824|1692882814
390,20230129,1674951934,2023-01-29,2023,enero,domingo,00:25,20230129|1674951934
391,20230716,1689519836,2023-07-16,2023,julio,domingo,15:03,20230716|1689519836
392,20230429,1682739739,2023-04-29,2023,abril,sábado,03:42,20230429|1682739739
393,20230416,1681647545,2023-04-16,2023,abril,domingo,12:19,20230416|1681647545
394,20231118,1700312635,2023-11-18,2023,noviembre,sábado,13:03,20231118|1700312635
395,20230511,1683763760,2023-05-11,2023,mayo,jueves,00:09,20230511|1683763760
396,20230425,1682461695,2023-04-25,2023,abril,martes,22:28,20230425|1682461695
397,20230209,1675932629,2023-02-09,2023,febrero,jueves,08:50,20230209|1675932629
398,20230420,1681953658,2023-04-20,2023,abril,jueves,01:20,20230420|1681953658
399,20230827,1693166168,2023-08-27,2023,agosto,domingo,19:56,20230827|1693166168
400,20230717,1689552515,2023-07-17,2023,julio,lunes,00:08,20230717|1689552515
401,20230831,1693524025,2023-08-31,2023,agosto,jueves,23:20,20230831|1693524025
402,20230303,1677809670,2023-03-03,2023,marzo,viernes,02:14,20230303|1677809670
403,20230923,1695493467,2023-09-23,2023,septiembre,sábado,18:24,20230923|1695493467
404,20230202,1675340310,2023-02-02,2023,febrero,jueves,12:18,20230202|1675340310
405,20231007,1696651252,2023-10-07,2023,octubre,sábado,04:00,20231007|1696651252
406,20230719,1689789657,2023-07-19,2023,julio,miércoles,18:00,20230719|1689789657
407,20230111,1673428059,2023-01-11,2023,enero,miércoles,09:07,20230111|1673428059
408,20231202,1701536466,2023-12-02,2023,diciembre,sábado,17:01,20231202|1701536466
409,20230424,1682298118,2023-04-24,2023,abril,lunes,01:01,20230424|1682298118
410,20230210,1675996385,2023-02-10,2023,febrero,viernes,02:33,20230210|1675996385
411,20231219,1702968397,2023-12-19,2023,diciembre,martes,06:46,20231219|1702968397
412,20230802,1690955003,2023-08-02,2023,agosto,miércoles,05:43,20230802|1690955003
413,20230102,1672630093,2023-01-02,2023,enero,lunes,03:28,20230102|1672630093
414,20230821,1692656653,2023-08-21,2023,agosto,lunes,22:24,20230821|1692656653
415,20231216,1702748430,2023-12-16,2023,diciembre,sábado,17:40,20231216|1702748430
416,20231002,1696214066,2023-10-02,2023,octubre,lunes,02:34,20231002|1696214066
417,20230316,1678929109,2023-03-16,2023,marzo,jueves,01:11,20230316|1678929109
418,20230905,1693909026,2023-09-05,2023,septiembre,martes,10:17,20230905|1693909026
419,20230608,1686233034,2023-06-08,2023,junio,jueves,14:03,20230608|1686233034
420,20231003,1696305492,2023-10-03,2023,octubre,martes,03:58,20231003|1696305492
421,20230525,1685041637,2023-05-25,2023,mayo,jueves,19:07,20230525|1685041637
422,20230613,1686692378,2023-06-13,2023,junio,martes,21:39,20230613|1686692378
423,20230721,1689943044,2023-07-21,2023,julio,viernes,12:37,20230721|1689943044
424,20230113,1673646575,2023-01-13,2023,enero,viernes,21:49,20230113|1673646575
425,20230610,1686356066,2023-06-10,2023,junio,sábado,00:14,20230610|1686356066
426,20231031,1698730252,2023-10-31,2023,octubre,martes,05:30,20231031|1698730252
427,20231117,1700242755,2023-11-17,2023,noviembre,viernes,17:39,20231117|1700242755
428,20230224,1677276834,2023-02-24,2023,febrero,viernes,22:13,20230224|1677276834
429,20230321,1679391664,2023-03-21,2023,marzo,martes,09:41,20230321|1679391664
430,20231226,1703606096,2023-12-26,2023,diciembre,martes,15:54,20231226|1703606096
431,20231130,1701354848,2023-11-30,2023,noviembre,jueves,14:34,20231130|1701354848
432,20230612,1686539742,2023-06-12,2023,junio,lunes,03:15,20230612|1686539742
433,20230726,1690402488,2023-07-26,2023,julio,miércoles,20:14,20230726|1690402488
434,20230120,1674226097,2023-01-20,2023,enero,viernes,14:48,20230120|1674226097
435,20231001,1696196121,2023-10-01,2023,octubre,domingo,21:35,20231001|1696196121
436,20230723,1690143847,2023-07-23,2023,julio,domingo,20:24,20230723|1690143847
437,20230522,1684729508,2023-05-22,2023,mayo,lunes,04:25,20230522|1684729508
438,20230511,1683795676,2023-05-11,2023,mayo,jueves,09:01,20230511|1683795676
439,20230114,1673688959,2023-01-14,2023,enero,sábado,09:35,20230114|1673688959
440,20230124,1674555252,2023-01-24,2023,enero,martes,10:14,20230124|1674555252
441,20231128,1701148063,2023-11-28,2023,noviembre,martes,05:07,20231128|1701148063
442,20231017,1697550350,2023-10-17,2023,octubre,martes,13:45,20231017|1697550350
443,20231105,1699222094,2023-11-05,2023,noviembre,domingo,22:08,20231105|1699222094
444,20231024,1698138631,2023-10-24,2023,octubre,martes,09:10,20231024|1698138631
445,20230518,1684404201,2023-05-18,2023,mayo,jueves,10:03,20230518|1684404201
446,20230707,1688732467,2023-07-07,2023,julio,viernes,12:21,20230707|1688732467
447,20230507,1683432425,2023-05-07,2023,mayo,domingo,04:07,20230507|1683432425
448,20230314,1678800659,2023-03-14,2023,marzo,martes,13:30,20230314|1678800659
449,20231107,1699337020,2023-11-07,2023,noviembre,martes,06:03,20231107|1699337020
450,20230405,1680717842,2023-04-05,2023,abril,miércoles,18:04,20230405|1680717842
451,20230215,1676475968,2023-02-15,2023,febrero,miércoles,15:46,20230215|1676475968
452,20231114,1699979000,2023-11-14,2023,noviembre,martes,16:23,20231114|1699979000
453,20230317,1679077565,2023-03-17,2023,marzo,viernes,18:26,20230317|1679077565
454,20231124,1700824452,2023-11-24,2023,noviembre,viernes,11:14,20231124|1700824452
455,20231209,1702095692,2023-12-09,2023,diciembre,sábado,04:21,20231209|1702095692
456,20230826,1693057722,2023-08-26,2023,agosto,sábado,13:48,20230826|1693057722
457,20230629,1688028723,2023-06-29,2023,junio,jueves,08:52,20230629|1688028723
458,20230503,1683137787,2023-05-03,2023,mayo,miércoles,18:16,20230503|1683137787
459,20231212,1702400119,2023-12-12,2023,diciembre,martes,16:55,20231212|1702400119
460,20230923,1695482020,2023-09-23,2023,septiembre,sábado,15:13,20230923|1695482020
461,20231002,1696218891,2023-10-02,2023,octubre,lunes,03:54,20231002|1696218891
462,20231229,1703826426,2023-12-29,2023,diciembre,viernes,05:07,20231229|1703826426
463,20230401,1680381062,2023-04-01,2023,abril,sábado,20:31,20230401|1680381062
464,20230413,1681350318,2023-04-13,2023,abril,jueves,01:45,20230413|1681350318
465,20230805,1691234480,2023-08-05,2023,agosto,sábado,11:21,20230805|1691234480
466,20230621,1687373100,2023-06-21,2023,junio,miércoles,18:45,20230621|1687373100
467,20230624,1687590103,2023-06-24,2023,junio,sábado,07:01,20230624|1687590103
468,20230801,1690933694,2023-08-01,2023,agosto,martes,23:48,20230801|1690933694
469,20230201,1675276998,2023-02-01,2023,febrero,miércoles,18:43,20230201|1675276998
470,20230413,1681359627,2023-04-13,2023,abril,jueves,04:20,20230413|1681359627
471,20231031,1698729254,2023-10-31,2023,octubre,martes,05:14,20231031|1698729254
472,20231112,1699760778,2023-11-12,2023,noviembre,domingo,03:46,20231112|1699760778
473,20230212,1676171205,2023-02-12,2023,febrero,domingo,03:06,20230212|1676171205
474,20230621,1687309413,2023-06-21,2023,junio,miércoles,01:03,20230621|1687309413
475,20230820,1692558634,2023-08-20,2023,agosto,domingo,19:10,20230820|1692558634
476,20230730,1690756482,2023-07-30,2023,julio,domingo,22:34,20230730|1690756482
477,20230801,1690920623,2023-08-01,2023,agosto,martes,20:10,20230801|1690920623
478,20231014,1697326922,2023-10-14,2023,octubre,sábado,23:42,20231014|1697326922
479,20231127,1701087481,2023-11-27,2023,noviembre,lunes,12:18,20231127|1701087481
480,20231227,1703652151,2023-12-27,2023,diciembre,miércoles,04:42,20231227|1703652151
481,20230206,1675693741,2023-02-06,2023,febrero,lunes,14:29,20230206|1675693741
482,20230512,1683895620,2023-05-12,2023,mayo,viernes,12:47,20230512|1683895620
483,20230109,1673268652,2023-01-09,2023,enero,lunes,12:50,20230109|1673268652
484,20230822,1692708968,2023-08-22,2023,agosto,martes,12:56,20230822|1692708968
485,20230329,1680116360,2023-03-29,2023,marzo,miércoles,18:59,20230329|1680116360
486,20231108,1699468223,2023-11-08,2023,noviembre,miércoles,18:30,20231108|1699468223
487,20230925,1695627780,2023-09-25,2023,septiembre,lunes,07:43,20230925|1695627780
488,20230421,1682099715,2023-04-21,2023,abril,viernes,17:55,20230421|1682099715
489,20230924,1695526463,2023-09-24,2023,septiembre,domingo,03:34,20230924|1695526463
490,20230428,1682654477,2023-04-28,2023,abril,viernes,04:01,20230428|1682654477
491,20230411,1681228010,2023-04-11,2023,abril,martes,15:46,20230411|1681228010
492,20231030,1698659613,2023-10-30,2023,octubre,lunes,09:53,20231030|1698659613
493,20231102,1698925321,2023-11-02,2023,noviembre,jueves,11:42,20231102|1698925321
494,20230813,1691963656,2023-08-13,2023,agosto,domingo,21:54,20230813|1691963656
495,20230831,1693480814,2023-08-31,2023,agosto,jueves,11:20,20230831|1693480814
496,20230818,1692347003,2023-08-18,2023,agosto,viernes,08:23,20230818|1692347003
497,20230130,1675086682,2023-01-30,2023,enero,lunes,13:51,20230130|1675086682
498,20230902,1693680715,2023-09-02,2023,septiembre,sábado,18:51,20230902|1693680715
499,20230121,1674267933,2023-01-21,2023,enero,sábado,02:25,20230121|1674267933
500,20231109,1699549279,2023-11-09,2023,noviembre,jueves,17:01,20231109|1699549279
